device,ubicacion,timestamp,target_ip,target_name,latency_ms,success,tipo_ping
OLT David Principal 1,"8.437150131481255, -82.42767725585664",2025-08-25T15:04:45.881302,8.8.8.8,Latencia,62.468528747558594,True,Ping hacia 8.8.8.8
OLT David Principal 1,"8.437150131481255, -82.42767725585664",2025-08-25T15:06:42.421868,8.8.8.8,Latencia,61.27023696899414,True,Ping hacia 8.8.8.8
OLT David Principal 1,"8.437150131481255, -82.42767725585664",2025-08-25T15:07:42.491470,8.8.8.8,Latencia,53.11751365661621,True,Ping hacia 8.8.8.8
OLT David Principal 1,"8.437150131481255, -82.42767725585664",2025-08-25T15:08:42.561264,8.8.8.8,Latencia,47.69110679626465,True,Ping hacia 8.8.8.8
OLT David Principal 1,"8.437150131481255, -82.42767725585664",2025-08-25T15:09:42.635273,8.8.8.8,Latencia,56.61177635192871,True,Ping hacia 8.8.8.8
OLT David Principal 1,"8.437150131481255, -82.42767725585664",2025-08-25T15:10:42.702799,8.8.8.8,Latencia,47.8055477142334,True,Ping hacia 8.8.8.8
OLT David Principal 1,"8.437150131481255, -82.42767725585664",2025-08-25T15:11:42.777659,8.8.8.8,Latencia,48.38895797729492,True,Ping hacia 8.8.8.8
OLT David Principal 1,"8.437150131481255, -82.42767725585664",2025-08-25T15:12:42.841926,8.8.8.8,Latencia,79.70261573791504,True,Ping hacia 8.8.8.8
OLT David Principal 1,"8.437150131481255, -82.42767725585664",2025-08-25T15:13:42.948597,8.8.8.8,Latencia,59.484243392944336,True,Ping hacia 8.8.8.8
OLT David Principal 1,"8.437150131481255, -82.42767725585664",2025-08-25T15:14:43.019190,8.8.8.8,Latencia,56.0154914855957,True,Ping hacia 8.8.8.8
OLT David Principal 1,"8.437150131481255, -82.42767725585664",2025-08-25T15:15:43.081153,8.8.8.8,Latencia,49.49808120727539,True,Ping hacia 8.8.8.8
OLT David Principal 1,"8.437150131481255, -82.42767725585664",2025-08-25T15:16:43.149008,8.8.8.8,Latencia,47.887325286865234,True,Ping hacia 8.8.8.8
OLT David Principal 1,"8.437150131481255, -82.42767725585664",2025-08-25T15:17:43.213792,8.8.8.8,Latencia,47.43194580078125,True,Ping hacia 8.8.8.8
OLT David Principal 1,"8.437150131481255, -82.42767725585664",2025-08-25T15:18:43.278112,8.8.8.8,Latencia,47.8515625,True,Ping hacia 8.8.8.8
OLT David Principal 1,"8.437150131481255, -82.42767725585664",2025-08-25T15:19:43.348875,8.8.8.8,Latencia,52.77824401855469,True,Ping hacia 8.8.8.8
OLT David Principal 1,"8.437150131481255, -82.42767725585664",2025-08-25T15:20:43.413949,8.8.8.8,Latencia,58.31265449523926,True,Ping hacia 8.8.8.8
OLT David Principal 1,"8.437150131481255, -82.42767725585664",2025-08-25T15:21:43.489033,8.8.8.8,Latencia,47.23644256591797,True,Ping hacia 8.8.8.8
OLT David Principal 1,"8.437150131481255, -82.42767725585664",2025-08-25T15:22:43.556486,8.8.8.8,Latencia,52.7958869934082,True,Ping hacia 8.8.8.8
OLT David Principal 1,"8.437150131481255, -82.42767725585664",2025-08-25T15:23:43.626924,8.8.8.8,Latencia,47.35112190246582,True,Ping hacia 8.8.8.8
OLT David Principal 1,"8.437150131481255, -82.42767725585664",2025-08-25T15:24:43.695022,8.8.8.8,Latencia,47.10578918457031,True,Ping hacia 8.8.8.8
OLT David Principal 1,"8.437150131481255, -82.42767725585664",2025-08-25T15:25:43.763463,8.8.8.8,Latencia,47.707557678222656,True,Ping hacia 8.8.8.8
OLT David Principal 1,"8.437150131481255, -82.42767725585664",2025-08-25T15:26:43.837927,8.8.8.8,Latencia,47.48821258544922,True,Ping hacia 8.8.8.8
OLT David Principal 1,"8.437150131481255, -82.42767725585664",2025-08-25T15:27:43.906680,8.8.8.8,Latencia,48.692941665649414,True,Ping hacia 8.8.8.8
OLT David Principal 1,"8.437150131481255, -82.42767725585664",2025-08-25T15:28:43.979728,8.8.8.8,Latencia,47.73569107055664,True,Ping hacia 8.8.8.8
OLT David Principal 1,"8.437150131481255, -82.42767725585664",2025-08-25T15:29:44.053800,8.8.8.8,Latencia,47.73569107055664,True,Ping hacia 8.8.8.8
OLT David Principal 1,"8.437150131481255, -82.42767725585664",2025-08-25T15:30:44.128048,8.8.8.8,Latencia,94.79236602783203,True,Ping hacia 8.8.8.8
OLT David Principal 1,"8.437150131481255, -82.42767725585664",2025-08-25T15:31:44.237247,8.8.8.8,Latencia,48.427581787109375,True,Ping hacia 8.8.8.8
OLT David Principal 1,"8.437150131481255, -82.42767725585664",2025-08-25T15:32:44.308479,8.8.8.8,Latencia,58.606863021850586,True,Ping hacia 8.8.8.8
OLT David Principal 1,"8.437150131481255, -82.42767725585664",2025-08-25T15:33:44.374644,8.8.8.8,Latencia,47.22023010253906,True,Ping hacia 8.8.8.8
OLT David Principal 1,"8.437150131481255, -82.42767725585664",2025-08-25T15:34:44.441773,8.8.8.8,Latencia,47.80936241149902,True,Ping hacia 8.8.8.8
OLT David Principal 1,"8.437150131481255, -82.42767725585664",2025-08-25T15:35:44.507164,8.8.8.8,Latencia,48.01607131958008,True,Ping hacia 8.8.8.8
OLT David Principal 1,"8.437150131481255, -82.42767725585664",2025-08-25T15:36:44.576212,8.8.8.8,Latencia,76.41267776489258,True,Ping hacia 8.8.8.8
OLT David Principal 1,"8.437150131481255, -82.42767725585664",2025-08-25T15:37:44.658211,8.8.8.8,Latencia,49.622535705566406,True,Ping hacia 8.8.8.8
OLT David Principal 1,"8.437150131481255, -82.42767725585664",2025-08-25T15:38:44.727999,8.8.8.8,Latencia,47.74284362792969,True,Ping hacia 8.8.8.8
OLT David Principal 1,"8.437150131481255, -82.42767725585664",2025-08-25T15:39:44.801422,8.8.8.8,Latencia,47.6536750793457,True,Ping hacia 8.8.8.8
OLT David Principal 1,"8.437150131481255, -82.42767725585664",2025-08-25T15:40:44.875591,8.8.8.8,Latencia,58.531999588012695,True,Ping hacia 8.8.8.8
OLT David Principal 1,"8.437150131481255, -82.42767725585664",2025-08-25T15:41:44.942679,8.8.8.8,Latencia,47.360897064208984,True,Ping hacia 8.8.8.8
OLT David Principal 1,"8.437150131481255, -82.42767725585664",2025-08-25T15:42:45.005883,8.8.8.8,Latencia,56.386709213256836,True,Ping hacia 8.8.8.8
OLT David Principal 1,"8.437150131481255, -82.42767725585664",2025-08-25T15:43:45.070007,8.8.8.8,Latencia,56.03623390197754,True,Ping hacia 8.8.8.8
OLT David Principal 1,"8.437150131481255, -82.42767725585664",2025-08-25T15:44:45.136737,8.8.8.8,Latencia,60.219764709472656,True,Ping hacia 8.8.8.8
OLT David Principal 1,"8.437150131481255, -82.42767725585664",2025-08-25T15:45:45.206248,8.8.8.8,Latencia,47.811031341552734,True,Ping hacia 8.8.8.8
OLT David Principal 1,"8.437150131481255, -82.42767725585664",2025-08-25T15:46:45.268059,8.8.8.8,Latencia,53.586483001708984,True,Ping hacia 8.8.8.8
OLT David Principal 1,"8.437150131481255, -82.42767725585664",2025-08-25T15:47:45.329329,8.8.8.8,Latencia,58.655738830566406,True,Ping hacia 8.8.8.8
OLT David Principal 1,"8.437150131481255, -82.42767725585664",2025-08-25T15:48:45.391693,8.8.8.8,Latencia,47.31178283691406,True,Ping hacia 8.8.8.8
OLT David Principal 1,"8.437150131481255, -82.42767725585664",2025-08-25T15:49:45.456315,8.8.8.8,Latencia,60.81223487854004,True,Ping hacia 8.8.8.8
OLT David Principal 1,"8.437150131481255, -82.42767725585664",2025-08-25T15:50:45.518886,8.8.8.8,Latencia,59.45158004760742,True,Ping hacia 8.8.8.8
OLT David Principal 1,"8.437150131481255, -82.42767725585664",2025-08-25T15:51:45.587276,8.8.8.8,Latencia,59.66019630432129,True,Ping hacia 8.8.8.8
OLT David Principal 1,"8.437150131481255, -82.42767725585664",2025-08-25T15:52:45.649070,8.8.8.8,Latencia,48.01464080810547,True,Ping hacia 8.8.8.8
OLT David Principal 1,"8.437150131481255, -82.42767725585664",2025-08-25T15:53:45.712707,8.8.8.8,Latencia,48.38442802429199,True,Ping hacia 8.8.8.8
OLT David Principal 1,"8.437150131481255, -82.42767725585664",2025-08-25T15:54:45.780062,8.8.8.8,Latencia,47.92380332946777,True,Ping hacia 8.8.8.8
OLT David Principal 1,"8.437150131481255, -82.42767725585664",2025-08-25T15:55:45.841797,8.8.8.8,Latencia,58.03251266479492,True,Ping hacia 8.8.8.8
OLT David Principal 1,"8.437150131481255, -82.42767725585664",2025-08-25T15:56:45.913134,8.8.8.8,Latencia,47.5764274597168,True,Ping hacia 8.8.8.8
OLT David Principal 1,"8.437150131481255, -82.42767725585664",2025-08-25T15:57:45.976839,8.8.8.8,Latencia,47.849178314208984,True,Ping hacia 8.8.8.8
OLT David Principal 1,"8.437150131481255, -82.42767725585664",2025-08-25T15:58:46.039752,8.8.8.8,Latencia,47.08981513977051,True,Ping hacia 8.8.8.8
OLT David Principal 1,"8.437150131481255, -82.42767725585664",2025-08-25T15:59:46.104387,8.8.8.8,Latencia,55.748939514160156,True,Ping hacia 8.8.8.8
OLT David Principal 1,"8.437150131481255, -82.42767725585664",2025-08-25T16:00:46.178939,8.8.8.8,Latencia,54.053544998168945,True,Ping hacia 8.8.8.8
OLT David Principal 1,"8.437150131481255, -82.42767725585664",2025-08-25T16:01:46.246899,8.8.8.8,Latencia,47.902822494506836,True,Ping hacia 8.8.8.8
OLT David Principal 1,"8.437150131481255, -82.42767725585664",2025-08-25T16:02:46.320285,8.8.8.8,Latencia,47.745704650878906,True,Ping hacia 8.8.8.8
OLT David Principal 1,"8.437150131481255, -82.42767725585664",2025-08-25T16:03:46.384062,8.8.8.8,Latencia,47.678470611572266,True,Ping hacia 8.8.8.8
OLT David Principal 1,"8.437150131481255, -82.42767725585664",2025-08-25T16:04:46.459536,8.8.8.8,Latencia,60.83035469055176,True,Ping hacia 8.8.8.8
OLT David Principal 1,"8.437150131481255, -82.42767725585664",2025-08-25T16:05:46.529709,8.8.8.8,Latencia,47.9426383972168,True,Ping hacia 8.8.8.8
OLT David Principal 1,"8.437150131481255, -82.42767725585664",2025-08-25T16:06:46.601306,8.8.8.8,Latencia,58.69579315185547,True,Ping hacia 8.8.8.8
OLT David Principal 1,"8.437150131481255, -82.42767725585664",2025-08-25T16:07:46.669031,8.8.8.8,Latencia,47.521352767944336,True,Ping hacia 8.8.8.8
OLT David Principal 1,"8.437150131481255, -82.42767725585664",2025-08-25T16:08:46.741752,8.8.8.8,Latencia,47.80721664428711,True,Ping hacia 8.8.8.8
OLT David Principal 1,"8.437150131481255, -82.42767725585664",2025-08-25T16:09:46.812881,8.8.8.8,Latencia,52.93416976928711,True,Ping hacia 8.8.8.8
OLT David Principal 1,"8.437150131481255, -82.42767725585664",2025-08-25T16:10:46.884768,8.8.8.8,Latencia,47.75285720825195,True,Ping hacia 8.8.8.8
OLT David Principal 1,"8.437150131481255, -82.42767725585664",2025-08-25T16:11:46.949199,8.8.8.8,Latencia,47.608137130737305,True,Ping hacia 8.8.8.8
OLT David Principal 1,"8.437150131481255, -82.42767725585664",2025-08-25T16:12:47.021800,8.8.8.8,Latencia,48.02870750427246,True,Ping hacia 8.8.8.8
OLT David Principal 1,"8.437150131481255, -82.42767725585664",2025-08-25T16:13:47.097400,8.8.8.8,Latencia,47.61934280395508,True,Ping hacia 8.8.8.8
OLT David Principal 1,"8.437150131481255, -82.42767725585664",2025-08-25T16:14:47.171946,8.8.8.8,Latencia,61.06877326965332,True,Ping hacia 8.8.8.8
OLT David Principal 1,"8.437150131481255, -82.42767725585664",2025-08-25T16:15:47.239014,8.8.8.8,Latencia,54.12793159484863,True,Ping hacia 8.8.8.8
OLT David Principal 1,"8.437150131481255, -82.42767725585664",2025-08-25T16:16:47.302218,8.8.8.8,Latencia,60.76765060424805,True,Ping hacia 8.8.8.8
OLT David Principal 1,"8.437150131481255, -82.42767725585664",2025-08-25T16:17:47.373159,8.8.8.8,Latencia,58.50982666015625,True,Ping hacia 8.8.8.8
OLT David Principal 1,"8.437150131481255, -82.42767725585664",2025-08-25T16:18:47.437649,8.8.8.8,Latencia,51.34320259094238,True,Ping hacia 8.8.8.8
OLT David Principal 1,"8.437150131481255, -82.42767725585664",2025-08-25T16:19:47.502077,8.8.8.8,Latencia,47.78456687927246,True,Ping hacia 8.8.8.8
OLT David Principal 1,"8.437150131481255, -82.42767725585664",2025-08-25T16:20:47.573967,8.8.8.8,Latencia,58.563947677612305,True,Ping hacia 8.8.8.8
OLT David Principal 1,"8.437150131481255, -82.42767725585664",2025-08-25T16:21:47.647423,8.8.8.8,Latencia,47.78313636779785,True,Ping hacia 8.8.8.8
OLT David Principal 1,"8.437150131481255, -82.42767725585664",2025-08-25T16:22:47.713601,8.8.8.8,Latencia,58.161258697509766,True,Ping hacia 8.8.8.8
OLT David Principal 1,"8.437150131481255, -82.42767725585664",2025-08-25T16:23:47.783332,8.8.8.8,Latencia,159.376859664917,True,Ping hacia 8.8.8.8
OLT David Principal 1,"8.437150131481255, -82.42767725585664",2025-08-25T16:24:47.955411,8.8.8.8,Latencia,,False,Ping hacia 8.8.8.8
OLT David Principal 1,"8.437150131481255, -82.42767725585664",2025-08-25T16:25:52.980535,8.8.8.8,Latencia,55.47690391540527,True,Ping hacia 8.8.8.8
OLT David Principal 1,"8.437150131481255, -82.42767725585664",2025-08-25T16:26:53.047882,8.8.8.8,Latencia,57.74545669555664,True,Ping hacia 8.8.8.8
OLT David Principal 1,"8.437150131481255, -82.42767725585664",2025-08-25T16:27:53.122409,8.8.8.8,Latencia,47.56760597229004,True,Ping hacia 8.8.8.8
OLT David Principal 1,"8.437150131481255, -82.42767725585664",2025-08-25T16:28:53.196070,8.8.8.8,Latencia,60.744524002075195,True,Ping hacia 8.8.8.8
OLT David Principal 1,"8.437150131481255, -82.42767725585664",2025-08-25T16:29:53.266232,8.8.8.8,Latencia,48.7518310546875,True,Ping hacia 8.8.8.8
OLT David Principal 1,"8.437150131481255, -82.42767725585664",2025-08-25T16:30:53.336552,8.8.8.8,Latencia,47.41859436035156,True,Ping hacia 8.8.8.8
OLT David Principal 1,"8.437150131481255, -82.42767725585664",2025-08-25T16:31:53.409768,8.8.8.8,Latencia,58.86030197143555,True,Ping hacia 8.8.8.8
OLT David Principal 1,"8.437150131481255, -82.42767725585664",2025-08-25T16:32:53.478146,8.8.8.8,Latencia,58.17365646362305,True,Ping hacia 8.8.8.8
OLT David Principal 1,"8.437150131481255, -82.42767725585664",2025-08-25T16:33:53.554093,8.8.8.8,Latencia,47.74904251098633,True,Ping hacia 8.8.8.8
OLT David Principal 1,"8.437150131481255, -82.42767725585664",2025-08-25T16:34:53.615288,8.8.8.8,Latencia,47.86515235900879,True,Ping hacia 8.8.8.8
OLT David Principal 1,"8.437150131481255, -82.42767725585664",2025-08-25T16:35:53.685914,8.8.8.8,Latencia,47.467947006225586,True,Ping hacia 8.8.8.8
OLT David Principal 1,"8.437150131481255, -82.42767725585664",2025-08-25T16:36:53.761808,8.8.8.8,Latencia,60.81819534301758,True,Ping hacia 8.8.8.8
OLT David Principal 1,"8.437150131481255, -82.42767725585664",2025-08-25T16:37:53.824178,8.8.8.8,Latencia,47.88708686828613,True,Ping hacia 8.8.8.8
OLT David Principal 1,"8.437150131481255, -82.42767725585664",2025-08-25T16:38:53.891086,8.8.8.8,Latencia,47.867536544799805,True,Ping hacia 8.8.8.8
OLT David Principal 1,"8.437150131481255, -82.42767725585664",2025-08-25T16:39:53.956735,8.8.8.8,Latencia,48.21419715881348,True,Ping hacia 8.8.8.8
OLT David Principal 1,"8.437150131481255, -82.42767725585664",2025-08-25T16:40:54.023209,8.8.8.8,Latencia,57.98792839050293,True,Ping hacia 8.8.8.8
OLT David Principal 1,"8.437150131481255, -82.42767725585664",2025-08-25T16:41:54.098691,8.8.8.8,Latencia,48.34771156311035,True,Ping hacia 8.8.8.8
OLT David Principal 1,"8.437150131481255, -82.42767725585664",2025-08-25T16:42:54.162755,8.8.8.8,Latencia,47.90019989013672,True,Ping hacia 8.8.8.8
OLT David Principal 1,"8.437150131481255, -82.42767725585664",2025-08-25T16:43:54.235296,8.8.8.8,Latencia,47.63054847717285,True,Ping hacia 8.8.8.8
OLT David Principal 1,"8.437150131481255, -82.42767725585664",2025-08-25T16:44:54.299287,8.8.8.8,Latencia,47.699689865112305,True,Ping hacia 8.8.8.8
OLT David Principal 1,"8.437150131481255, -82.42767725585664",2025-08-25T16:45:54.370878,8.8.8.8,Latencia,47.46246337890625,True,Ping hacia 8.8.8.8
OLT David Principal 1,"8.437150131481255, -82.42767725585664",2025-08-25T16:46:54.447044,8.8.8.8,Latencia,59.47375297546387,True,Ping hacia 8.8.8.8
OLT David Principal 1,"8.437150131481255, -82.42767725585664",2025-08-25T16:47:54.522533,8.8.8.8,Latencia,58.634281158447266,True,Ping hacia 8.8.8.8
OLT David Principal 1,"8.437150131481255, -82.42767725585664",2025-08-25T16:48:54.592201,8.8.8.8,Latencia,47.88661003112793,True,Ping hacia 8.8.8.8
OLT David Principal 1,"8.437150131481255, -82.42767725585664",2025-08-25T16:49:54.668552,8.8.8.8,Latencia,48.737525939941406,True,Ping hacia 8.8.8.8
OLT David Principal 1,"8.437150131481255, -82.42767725585664",2025-08-25T16:50:54.743158,8.8.8.8,Latencia,48.17461967468262,True,Ping hacia 8.8.8.8
OLT David Principal 1,"8.437150131481255, -82.42767725585664",2025-08-25T16:51:54.807702,8.8.8.8,Latencia,48.01678657531738,True,Ping hacia 8.8.8.8
OLT David Principal 1,"8.437150131481255, -82.42767725585664",2025-08-25T16:52:54.873099,8.8.8.8,Latencia,80.19328117370605,True,Ping hacia 8.8.8.8
OLT David Principal 1,"8.437150131481255, -82.42767725585664",2025-08-25T16:53:54.966467,8.8.8.8,Latencia,47.547340393066406,True,Ping hacia 8.8.8.8
OLT David Principal 1,"8.437150131481255, -82.42767725585664",2025-08-25T16:54:55.041715,8.8.8.8,Latencia,48.05755615234375,True,Ping hacia 8.8.8.8
OLT David Principal 1,"8.437150131481255, -82.42767725585664",2025-08-25T16:55:55.112544,8.8.8.8,Latencia,47.055721282958984,True,Ping hacia 8.8.8.8
OLT David Principal 1,"8.437150131481255, -82.42767725585664",2025-08-25T16:56:55.183757,8.8.8.8,Latencia,58.26091766357422,True,Ping hacia 8.8.8.8
OLT David Principal 1,"8.437150131481255, -82.42767725585664",2025-08-25T16:57:55.249521,8.8.8.8,Latencia,53.13730239868164,True,Ping hacia 8.8.8.8
OLT David Principal 1,"8.437150131481255, -82.42767725585664",2025-08-25T16:58:55.318863,8.8.8.8,Latencia,52.38080024719238,True,Ping hacia 8.8.8.8
OLT David Principal 1,"8.437150131481255, -82.42767725585664",2025-08-25T16:59:55.380760,8.8.8.8,Latencia,47.40095138549805,True,Ping hacia 8.8.8.8
OLT David Principal 1,"8.437150131481255, -82.42767725585664",2025-08-25T17:00:55.448458,8.8.8.8,Latencia,58.089494705200195,True,Ping hacia 8.8.8.8
OLT David Principal 1,"8.437150131481255, -82.42767725585664",2025-08-25T17:01:55.510617,8.8.8.8,Latencia,50.02117156982422,True,Ping hacia 8.8.8.8
OLT David Principal 1,"8.437150131481255, -82.42767725585664",2025-08-25T17:02:55.573068,8.8.8.8,Latencia,47.685861587524414,True,Ping hacia 8.8.8.8
OLT David Principal 1,"8.437150131481255, -82.42767725585664",2025-08-25T17:03:55.638439,8.8.8.8,Latencia,47.867536544799805,True,Ping hacia 8.8.8.8
OLT David Principal 1,"8.437150131481255, -82.42767725585664",2025-08-25T17:04:55.705851,8.8.8.8,Latencia,47.27530479431152,True,Ping hacia 8.8.8.8
OLT David Principal 1,"8.437150131481255, -82.42767725585664",2025-08-25T17:05:55.778660,8.8.8.8,Latencia,47.58954048156738,True,Ping hacia 8.8.8.8
OLT David Principal 1,"8.437150131481255, -82.42767725585664",2025-08-25T17:06:55.853083,8.8.8.8,Latencia,59.885263442993164,True,Ping hacia 8.8.8.8
OLT David Principal 1,"8.437150131481255, -82.42767725585664",2025-08-25T17:07:55.917028,8.8.8.8,Latencia,47.28364944458008,True,Ping hacia 8.8.8.8
OLT David Principal 1,"8.437150131481255, -82.42767725585664",2025-08-25T17:08:55.982863,8.8.8.8,Latencia,59.49544906616211,True,Ping hacia 8.8.8.8
OLT David Principal 1,"8.437150131481255, -82.42767725585664",2025-08-25T17:09:56.057295,8.8.8.8,Latencia,48.11525344848633,True,Ping hacia 8.8.8.8
OLT David Principal 1,"8.437150131481255, -82.42767725585664",2025-08-25T17:10:56.117924,8.8.8.8,Latencia,59.876441955566406,True,Ping hacia 8.8.8.8
OLT David Principal 1,"8.437150131481255, -82.42767725585664",2025-08-25T17:11:56.184871,8.8.8.8,Latencia,47.6689338684082,True,Ping hacia 8.8.8.8
OLT David Principal 1,"8.437150131481255, -82.42767725585664",2025-08-25T17:12:56.251345,8.8.8.8,Latencia,47.58477210998535,True,Ping hacia 8.8.8.8
OLT David Principal 1,"8.437150131481255, -82.42767725585664",2025-08-25T17:13:56.317798,8.8.8.8,Latencia,58.12335014343262,True,Ping hacia 8.8.8.8
OLT David Principal 1,"8.437150131481255, -82.42767725585664",2025-08-25T17:14:56.387757,8.8.8.8,Latencia,47.59931564331055,True,Ping hacia 8.8.8.8
OLT David Principal 1,"8.437150131481255, -82.42767725585664",2025-08-25T17:15:56.461107,8.8.8.8,Latencia,47.856807708740234,True,Ping hacia 8.8.8.8
OLT David Principal 1,"8.437150131481255, -82.42767725585664",2025-08-25T17:16:56.523719,8.8.8.8,Latencia,47.528743743896484,True,Ping hacia 8.8.8.8
OLT David Principal 1,"8.437150131481255, -82.42767725585664",2025-08-25T17:17:56.595749,8.8.8.8,Latencia,47.38116264343262,True,Ping hacia 8.8.8.8
OLT David Principal 1,"8.437150131481255, -82.42767725585664",2025-08-25T17:18:56.662541,8.8.8.8,Latencia,47.699928283691406,True,Ping hacia 8.8.8.8
OLT David Principal 1,"8.437150131481255, -82.42767725585664",2025-08-25T17:19:56.738216,8.8.8.8,Latencia,47.54304885864258,True,Ping hacia 8.8.8.8
OLT David Principal 1,"8.437150131481255, -82.42767725585664",2025-08-25T17:20:56.805907,8.8.8.8,Latencia,48.04277420043945,True,Ping hacia 8.8.8.8
OLT David Principal 1,"8.437150131481255, -82.42767725585664",2025-08-25T17:21:56.880696,8.8.8.8,Latencia,47.84250259399414,True,Ping hacia 8.8.8.8
OLT David Principal 1,"8.437150131481255, -82.42767725585664",2025-08-25T17:22:56.951325,8.8.8.8,Latencia,85.0229263305664,True,Ping hacia 8.8.8.8
OLT David Principal 1,"8.437150131481255, -82.42767725585664",2025-08-25T17:23:57.048663,8.8.8.8,Latencia,58.754682540893555,True,Ping hacia 8.8.8.8
OLT David Principal 1,"8.437150131481255, -82.42767725585664",2025-08-25T17:24:57.112797,8.8.8.8,Latencia,59.48925018310547,True,Ping hacia 8.8.8.8
OLT David Principal 1,"8.437150131481255, -82.42767725585664",2025-08-25T17:25:57.187042,8.8.8.8,Latencia,59.301137924194336,True,Ping hacia 8.8.8.8
OLT David Principal 1,"8.437150131481255, -82.42767725585664",2025-08-25T17:26:57.259787,8.8.8.8,Latencia,47.7297306060791,True,Ping hacia 8.8.8.8
OLT David Principal 1,"8.437150131481255, -82.42767725585664",2025-08-25T17:27:57.328069,8.8.8.8,Latencia,50.86112022399902,True,Ping hacia 8.8.8.8
OLT David Principal 1,"8.437150131481255, -82.42767725585664",2025-08-25T17:28:57.397124,8.8.8.8,Latencia,111.16504669189453,True,Ping hacia 8.8.8.8
OLT David Principal 1,"8.437150131481255, -82.42767725585664",2025-08-25T17:29:57.526804,8.8.8.8,Latencia,47.93691635131836,True,Ping hacia 8.8.8.8
OLT David Principal 1,"8.437150131481255, -82.42767725585664",2025-08-25T17:30:57.596051,8.8.8.8,Latencia,54.93450164794922,True,Ping hacia 8.8.8.8
OLT David Principal 1,"8.437150131481255, -82.42767725585664",2025-08-25T17:31:57.670412,8.8.8.8,Latencia,47.599077224731445,True,Ping hacia 8.8.8.8
OLT David Principal 1,"8.437150131481255, -82.42767725585664",2025-08-25T17:32:57.741927,8.8.8.8,Latencia,54.12459373474121,True,Ping hacia 8.8.8.8
OLT David Principal 1,"8.437150131481255, -82.42767725585664",2025-08-25T17:33:57.808110,8.8.8.8,Latencia,48.845529556274414,True,Ping hacia 8.8.8.8
OLT David Principal 1,"8.437150131481255, -82.42767725585664",2025-08-25T17:34:57.883007,8.8.8.8,Latencia,48.723459243774414,True,Ping hacia 8.8.8.8
OLT David Principal 1,"8.437150131481255, -82.42767725585664",2025-08-25T17:35:57.943961,8.8.8.8,Latencia,48.22278022766113,True,Ping hacia 8.8.8.8
OLT David Principal 1,"8.437150131481255, -82.42767725585664",2025-08-25T17:36:58.013221,8.8.8.8,Latencia,47.47819900512695,True,Ping hacia 8.8.8.8
OLT David Principal 1,"8.437150131481255, -82.42767725585664",2025-08-25T17:37:58.080588,8.8.8.8,Latencia,50.72355270385742,True,Ping hacia 8.8.8.8
OLT David Principal 1,"8.437150131481255, -82.42767725585664",2025-08-25T17:38:58.155463,8.8.8.8,Latencia,59.349775314331055,True,Ping hacia 8.8.8.8
OLT David Principal 1,"8.437150131481255, -82.42767725585664",2025-08-25T17:39:58.223468,8.8.8.8,Latencia,47.185659408569336,True,Ping hacia 8.8.8.8
OLT David Principal 1,"8.437150131481255, -82.42767725585664",2025-08-25T17:40:58.291975,8.8.8.8,Latencia,48.11978340148926,True,Ping hacia 8.8.8.8
OLT David Principal 1,"8.437150131481255, -82.42767725585664",2025-08-25T17:41:58.357346,8.8.8.8,Latencia,47.611236572265625,True,Ping hacia 8.8.8.8
OLT David Principal 1,"8.437150131481255, -82.42767725585664",2025-08-25T17:42:58.426437,8.8.8.8,Latencia,47.48725891113281,True,Ping hacia 8.8.8.8
OLT David Principal 1,"8.437150131481255, -82.42767725585664",2025-08-25T17:43:58.493516,8.8.8.8,Latencia,47.77669906616211,True,Ping hacia 8.8.8.8
OLT David Principal 1,"8.437150131481255, -82.42767725585664",2025-08-25T17:44:58.566249,8.8.8.8,Latencia,47.66702651977539,True,Ping hacia 8.8.8.8
OLT David Principal 1,"8.437150131481255, -82.42767725585664",2025-08-25T17:45:58.626999,8.8.8.8,Latencia,47.969818115234375,True,Ping hacia 8.8.8.8
OLT David Principal 1,"8.437150131481255, -82.42767725585664",2025-08-25T17:46:58.692765,8.8.8.8,Latencia,55.173635482788086,True,Ping hacia 8.8.8.8
OLT David Principal 1,"8.437150131481255, -82.42767725585664",2025-08-25T17:47:58.759899,8.8.8.8,Latencia,48.27594757080078,True,Ping hacia 8.8.8.8
OLT David Principal 1,"8.437150131481255, -82.42767725585664",2025-08-25T17:48:58.828307,8.8.8.8,Latencia,49.63541030883789,True,Ping hacia 8.8.8.8
OLT David Principal 1,"8.437150131481255, -82.42767725585664",2025-08-25T17:49:58.890038,8.8.8.8,Latencia,47.486305236816406,True,Ping hacia 8.8.8.8
OLT David Principal 1,"8.437150131481255, -82.42767725585664",2025-08-25T17:50:58.963552,8.8.8.8,Latencia,48.340797424316406,True,Ping hacia 8.8.8.8
OLT David Principal 1,"8.437150131481255, -82.42767725585664",2025-08-25T17:51:59.028668,8.8.8.8,Latencia,48.13790321350098,True,Ping hacia 8.8.8.8
OLT David Principal 1,"8.437150131481255, -82.42767725585664",2025-08-25T17:52:59.093804,8.8.8.8,Latencia,47.739267349243164,True,Ping hacia 8.8.8.8
OLT David Principal 1,"8.437150131481255, -82.42767725585664",2025-08-25T17:53:59.161116,8.8.8.8,Latencia,47.64223098754883,True,Ping hacia 8.8.8.8
OLT David Principal 1,"8.437150131481255, -82.42767725585664",2025-08-25T17:54:59.224382,8.8.8.8,Latencia,47.29652404785156,True,Ping hacia 8.8.8.8
OLT David Principal 1,"8.437150131481255, -82.42767725585664",2025-08-25T17:55:59.298777,8.8.8.8,Latencia,55.21583557128906,True,Ping hacia 8.8.8.8
OLT David Principal 1,"8.437150131481255, -82.42767725585664",2025-08-25T17:56:59.367886,8.8.8.8,Latencia,47.77240753173828,True,Ping hacia 8.8.8.8
OLT David Principal 1,"8.437150131481255, -82.42767725585664",2025-08-25T17:57:59.436290,8.8.8.8,Latencia,47.73259162902832,True,Ping hacia 8.8.8.8
OLT David Principal 1,"8.437150131481255, -82.42767725585664",2025-08-25T17:58:59.498641,8.8.8.8,Latencia,48.04801940917969,True,Ping hacia 8.8.8.8
OLT David Principal 1,"8.437150131481255, -82.42767725585664",2025-08-25T17:59:59.559680,8.8.8.8,Latencia,48.29668998718262,True,Ping hacia 8.8.8.8
OLT David Principal 1,"8.437150131481255, -82.42767725585664",2025-08-25T18:00:59.621970,8.8.8.8,Latencia,51.26833915710449,True,Ping hacia 8.8.8.8
OLT David Principal 1,"8.437150131481255, -82.42767725585664",2025-08-25T18:01:59.689896,8.8.8.8,Latencia,47.33443260192871,True,Ping hacia 8.8.8.8
OLT David Principal 1,"8.437150131481255, -82.42767725585664",2025-08-25T18:02:59.756854,8.8.8.8,Latencia,58.556318283081055,True,Ping hacia 8.8.8.8
OLT David Principal 1,"8.437150131481255, -82.42767725585664",2025-08-25T18:03:59.820028,8.8.8.8,Latencia,48.265695571899414,True,Ping hacia 8.8.8.8
OLT David Principal 1,"8.437150131481255, -82.42767725585664",2025-08-25T18:04:59.890099,8.8.8.8,Latencia,48.02584648132324,True,Ping hacia 8.8.8.8
OLT David Principal 1,"8.437150131481255, -82.42767725585664",2025-08-25T18:05:59.963926,8.8.8.8,Latencia,60.78028678894043,True,Ping hacia 8.8.8.8
OLT David Principal 1,"8.437150131481255, -82.42767725585664",2025-08-25T18:07:00.027955,8.8.8.8,Latencia,54.14104461669922,True,Ping hacia 8.8.8.8
OLT David Principal 1,"8.437150131481255, -82.42767725585664",2025-08-25T18:08:00.098233,8.8.8.8,Latencia,47.9731559753418,True,Ping hacia 8.8.8.8
OLT David Principal 1,"8.437150131481255, -82.42767725585664",2025-08-25T18:09:00.160524,8.8.8.8,Latencia,57.20090866088867,True,Ping hacia 8.8.8.8
OLT David Principal 1,"8.437150131481255, -82.42767725585664",2025-08-25T18:10:00.236989,8.8.8.8,Latencia,47.88684844970703,True,Ping hacia 8.8.8.8
OLT David Principal 1,"8.437150131481255, -82.42767725585664",2025-08-25T18:11:00.315372,8.8.8.8,Latencia,48.24662208557129,True,Ping hacia 8.8.8.8
OLT David Principal 1,"8.437150131481255, -82.42767725585664",2025-08-25T18:12:00.391396,8.8.8.8,Latencia,58.243513107299805,True,Ping hacia 8.8.8.8
OLT David Principal 1,"8.437150131481255, -82.42767725585664",2025-08-25T18:13:00.460822,8.8.8.8,Latencia,47.711849212646484,True,Ping hacia 8.8.8.8
OLT David Principal 1,"8.437150131481255, -82.42767725585664",2025-08-25T18:14:00.536379,8.8.8.8,Latencia,57.82890319824219,True,Ping hacia 8.8.8.8
OLT David Principal 1,"8.437150131481255, -82.42767725585664",2025-08-25T18:15:00.611200,8.8.8.8,Latencia,48.442840576171875,True,Ping hacia 8.8.8.8
OLT David Principal 1,"8.437150131481255, -82.42767725585664",2025-08-25T18:16:00.683879,8.8.8.8,Latencia,111.73725128173828,True,Ping hacia 8.8.8.8
OLT David Principal 1,"8.437150131481255, -82.42767725585664",2025-08-25T18:17:00.818402,8.8.8.8,Latencia,,False,Ping hacia 8.8.8.8
OLT David Principal 1,"8.437150131481255, -82.42767725585664",2025-08-25T18:18:05.840499,8.8.8.8,Latencia,47.50347137451172,True,Ping hacia 8.8.8.8
OLT David Principal 1,"8.437150131481255, -82.42767725585664",2025-08-25T18:19:05.906228,8.8.8.8,Latencia,52.96897888183594,True,Ping hacia 8.8.8.8
OLT David Principal 1,"8.437150131481255, -82.42767725585664",2025-08-25T18:20:05.975533,8.8.8.8,Latencia,50.0187873840332,True,Ping hacia 8.8.8.8
OLT David Principal 1,"8.437150131481255, -82.42767725585664",2025-08-25T18:21:06.040487,8.8.8.8,Latencia,48.461198806762695,True,Ping hacia 8.8.8.8
OLT David Principal 1,"8.437150131481255, -82.42767725585664",2025-08-25T18:22:06.107660,8.8.8.8,Latencia,47.66249656677246,True,Ping hacia 8.8.8.8
OLT David Principal 1,"8.437150131481255, -82.42767725585664",2025-08-25T18:23:06.169070,8.8.8.8,Latencia,48.18296432495117,True,Ping hacia 8.8.8.8
OLT David Principal 1,"8.437150131481255, -82.42767725585664",2025-08-25T18:24:06.240814,8.8.8.8,Latencia,47.955989837646484,True,Ping hacia 8.8.8.8
OLT David Principal 1,"8.437150131481255, -82.42767725585664",2025-08-25T18:25:06.306158,8.8.8.8,Latencia,47.838687896728516,True,Ping hacia 8.8.8.8
OLT David Principal 1,"8.437150131481255, -82.42767725585664",2025-08-25T18:26:06.379316,8.8.8.8,Latencia,56.90932273864746,True,Ping hacia 8.8.8.8
OLT David Principal 1,"8.437150131481255, -82.42767725585664",2025-08-25T18:27:06.455645,8.8.8.8,Latencia,53.49469184875488,True,Ping hacia 8.8.8.8
OLT David Principal 1,"8.437150131481255, -82.42767725585664",2025-08-25T18:28:06.523423,8.8.8.8,Latencia,49.881935119628906,True,Ping hacia 8.8.8.8
OLT David Principal 1,"8.437150131481255, -82.42767725585664",2025-08-25T18:29:06.585097,8.8.8.8,Latencia,47.83797264099121,True,Ping hacia 8.8.8.8
OLT David Principal 1,"8.437150131481255, -82.42767725585664",2025-08-25T18:30:06.647426,8.8.8.8,Latencia,47.971487045288086,True,Ping hacia 8.8.8.8
OLT David Principal 1,"8.437150131481255, -82.42767725585664",2025-08-25T18:31:06.711466,8.8.8.8,Latencia,46.68235778808594,True,Ping hacia 8.8.8.8
OLT David Principal 1,"8.437150131481255, -82.42767725585664",2025-08-25T18:32:06.782323,8.8.8.8,Latencia,47.67274856567383,True,Ping hacia 8.8.8.8
OLT David Principal 1,"8.437150131481255, -82.42767725585664",2025-08-25T18:33:06.857455,8.8.8.8,Latencia,47.79314994812012,True,Ping hacia 8.8.8.8
OLT David Principal 1,"8.437150131481255, -82.42767725585664",2025-08-25T18:34:06.921694,8.8.8.8,Latencia,59.662818908691406,True,Ping hacia 8.8.8.8
OLT David Principal 1,"8.437150131481255, -82.42767725585664",2025-08-25T18:35:06.989892,8.8.8.8,Latencia,57.730674743652344,True,Ping hacia 8.8.8.8
OLT David Principal 1,"8.437150131481255, -82.42767725585664",2025-08-25T18:36:07.059405,8.8.8.8,Latencia,48.20704460144043,True,Ping hacia 8.8.8.8
OLT David Principal 1,"8.437150131481255, -82.42767725585664",2025-08-25T18:37:07.135467,8.8.8.8,Latencia,59.95798110961914,True,Ping hacia 8.8.8.8
OLT David Principal 1,"8.437150131481255, -82.42767725585664",2025-08-25T18:38:07.203011,8.8.8.8,Latencia,48.36559295654297,True,Ping hacia 8.8.8.8
OLT David Principal 1,"8.437150131481255, -82.42767725585664",2025-08-25T18:39:07.265692,8.8.8.8,Latencia,59.29756164550781,True,Ping hacia 8.8.8.8
OLT David Principal 1,"8.437150131481255, -82.42767725585664",2025-08-25T18:40:07.336932,8.8.8.8,Latencia,47.853708267211914,True,Ping hacia 8.8.8.8
OLT David Principal 1,"8.437150131481255, -82.42767725585664",2025-08-25T18:41:07.410882,8.8.8.8,Latencia,59.63134765625,True,Ping hacia 8.8.8.8
OLT David Principal 1,"8.437150131481255, -82.42767725585664",2025-08-25T18:42:07.479206,8.8.8.8,Latencia,47.60026931762695,True,Ping hacia 8.8.8.8
OLT David Principal 1,"8.437150131481255, -82.42767725585664",2025-08-25T18:43:07.545528,8.8.8.8,Latencia,54.8701286315918,True,Ping hacia 8.8.8.8
OLT David Principal 1,"8.437150131481255, -82.42767725585664",2025-08-25T18:44:07.619492,8.8.8.8,Latencia,47.208309173583984,True,Ping hacia 8.8.8.8
OLT David Principal 1,"8.437150131481255, -82.42767725585664",2025-08-25T18:45:07.688221,8.8.8.8,Latencia,47.26099967956543,True,Ping hacia 8.8.8.8
OLT David Principal 1,"8.437150131481255, -82.42767725585664",2025-08-25T18:46:07.752623,8.8.8.8,Latencia,48.42734336853027,True,Ping hacia 8.8.8.8
OLT David Principal 1,"8.437150131481255, -82.42767725585664",2025-08-25T18:47:07.828337,8.8.8.8,Latencia,58.61091613769531,True,Ping hacia 8.8.8.8
OLT David Principal 1,"8.437150131481255, -82.42767725585664",2025-08-25T18:48:07.898602,8.8.8.8,Latencia,52.483558654785156,True,Ping hacia 8.8.8.8
OLT David Principal 1,"8.437150131481255, -82.42767725585664",2025-08-25T18:49:07.967727,8.8.8.8,Latencia,47.12533950805664,True,Ping hacia 8.8.8.8
OLT David Principal 1,"8.437150131481255, -82.42767725585664",2025-08-25T18:50:08.029888,8.8.8.8,Latencia,53.54118347167969,True,Ping hacia 8.8.8.8
OLT David Principal 1,"8.437150131481255, -82.42767725585664",2025-08-25T18:51:08.094572,8.8.8.8,Latencia,60.8673095703125,True,Ping hacia 8.8.8.8
OLT David Principal 1,"8.437150131481255, -82.42767725585664",2025-08-25T18:52:08.165499,8.8.8.8,Latencia,54.85081672668457,True,Ping hacia 8.8.8.8
OLT David Principal 1,"8.437150131481255, -82.42767725585664",2025-08-25T18:53:08.234503,8.8.8.8,Latencia,52.248239517211914,True,Ping hacia 8.8.8.8
OLT David Principal 1,"8.437150131481255, -82.42767725585664",2025-08-25T18:54:08.308375,8.8.8.8,Latencia,49.34334754943848,True,Ping hacia 8.8.8.8
OLT David Principal 1,"8.437150131481255, -82.42767725585664",2025-08-25T18:55:08.378542,8.8.8.8,Latencia,47.73664474487305,True,Ping hacia 8.8.8.8
OLT David Principal 1,"8.437150131481255, -82.42767725585664",2025-08-25T18:56:08.445057,8.8.8.8,Latencia,60.0738525390625,True,Ping hacia 8.8.8.8
OLT David Principal 1,"8.437150131481255, -82.42767725585664",2025-08-25T18:57:08.518953,8.8.8.8,Latencia,47.88637161254883,True,Ping hacia 8.8.8.8
OLT David Principal 1,"8.437150131481255, -82.42767725585664",2025-08-25T18:58:08.583622,8.8.8.8,Latencia,58.409690856933594,True,Ping hacia 8.8.8.8
OLT David Principal 1,"8.437150131481255, -82.42767725585664",2025-08-25T18:59:08.646950,8.8.8.8,Latencia,47.73378372192383,True,Ping hacia 8.8.8.8
OLT David Principal 1,"8.437150131481255, -82.42767725585664",2025-08-25T19:00:08.711331,8.8.8.8,Latencia,47.440528869628906,True,Ping hacia 8.8.8.8
OLT David Principal 1,"8.437150131481255, -82.42767725585664",2025-08-25T19:01:08.775613,8.8.8.8,Latencia,59.008121490478516,True,Ping hacia 8.8.8.8
OLT David Principal 1,"8.437150131481255, -82.42767725585664",2025-08-25T19:02:08.842585,8.8.8.8,Latencia,58.48193168640137,True,Ping hacia 8.8.8.8
OLT David Principal 1,"8.437150131481255, -82.42767725585664",2025-08-25T19:03:08.918249,8.8.8.8,Latencia,47.23024368286133,True,Ping hacia 8.8.8.8
OLT David Principal 1,"8.437150131481255, -82.42767725585664",2025-08-25T19:04:08.988297,8.8.8.8,Latencia,48.00701141357422,True,Ping hacia 8.8.8.8
OLT David Principal 1,"8.437150131481255, -82.42767725585664",2025-08-25T19:05:09.060281,8.8.8.8,Latencia,52.87337303161621,True,Ping hacia 8.8.8.8
OLT David Principal 1,"8.437150131481255, -82.42767725585664",2025-08-25T19:06:09.130861,8.8.8.8,Latencia,49.38077926635742,True,Ping hacia 8.8.8.8
OLT David Principal 1,"8.437150131481255, -82.42767725585664",2025-08-25T19:07:09.194746,8.8.8.8,Latencia,47.40762710571289,True,Ping hacia 8.8.8.8
OLT David Principal 1,"8.437150131481255, -82.42767725585664",2025-08-25T19:08:09.263293,8.8.8.8,Latencia,47.82867431640625,True,Ping hacia 8.8.8.8
OLT David Principal 1,"8.437150131481255, -82.42767725585664",2025-08-25T19:09:09.331967,8.8.8.8,Latencia,48.22063446044922,True,Ping hacia 8.8.8.8
OLT David Principal 1,"8.437150131481255, -82.42767725585664",2025-08-25T19:10:09.399595,8.8.8.8,Latencia,56.94103240966797,True,Ping hacia 8.8.8.8
OLT David Principal 1,"8.437150131481255, -82.42767725585664",2025-08-25T19:11:09.469231,8.8.8.8,Latencia,50.67634582519531,True,Ping hacia 8.8.8.8
OLT David Principal 1,"8.437150131481255, -82.42767725585664",2025-08-25T19:12:09.532621,8.8.8.8,Latencia,60.27722358703613,True,Ping hacia 8.8.8.8
OLT David Principal 1,"8.437150131481255, -82.42767725585664",2025-08-25T19:13:09.606316,8.8.8.8,Latencia,47.835350036621094,True,Ping hacia 8.8.8.8
OLT David Principal 1,"8.437150131481255, -82.42767725585664",2025-08-25T19:14:09.681164,8.8.8.8,Latencia,52.89959907531738,True,Ping hacia 8.8.8.8
OLT David Principal 1,"8.437150131481255, -82.42767725585664",2025-08-25T19:15:09.742796,8.8.8.8,Latencia,59.81135368347168,True,Ping hacia 8.8.8.8
OLT David Principal 1,"8.437150131481255, -82.42767725585664",2025-08-25T19:16:09.805348,8.8.8.8,Latencia,53.481101989746094,True,Ping hacia 8.8.8.8
OLT David Principal 1,"8.437150131481255, -82.42767725585664",2025-08-25T19:17:09.872202,8.8.8.8,Latencia,60.425519943237305,True,Ping hacia 8.8.8.8
OLT David Principal 1,"8.437150131481255, -82.42767725585664",2025-08-25T19:18:09.947000,8.8.8.8,Latencia,47.63007164001465,True,Ping hacia 8.8.8.8
OLT David Principal 1,"8.437150131481255, -82.42767725585664",2025-08-25T19:19:10.018866,8.8.8.8,Latencia,49.94344711303711,True,Ping hacia 8.8.8.8
OLT David Principal 1,"8.437150131481255, -82.42767725585664",2025-08-25T19:20:10.088143,8.8.8.8,Latencia,53.893089294433594,True,Ping hacia 8.8.8.8
OLT David Principal 1,"8.437150131481255, -82.42767725585664",2025-08-25T19:21:10.150580,8.8.8.8,Latencia,57.897329330444336,True,Ping hacia 8.8.8.8
OLT David Principal 1,"8.437150131481255, -82.42767725585664",2025-08-25T19:22:10.219336,8.8.8.8,Latencia,58.28094482421875,True,Ping hacia 8.8.8.8
OLT David Principal 1,"8.437150131481255, -82.42767725585664",2025-08-25T19:23:10.292280,8.8.8.8,Latencia,50.74143409729004,True,Ping hacia 8.8.8.8
OLT David Principal 1,"8.437150131481255, -82.42767725585664",2025-08-25T19:24:10.362647,8.8.8.8,Latencia,59.54623222351074,True,Ping hacia 8.8.8.8
OLT David Principal 1,"8.437150131481255, -82.42767725585664",2025-08-25T19:25:10.427754,8.8.8.8,Latencia,59.64541435241699,True,Ping hacia 8.8.8.8
OLT David Principal 1,"8.437150131481255, -82.42767725585664",2025-08-25T19:26:10.501267,8.8.8.8,Latencia,52.08539962768555,True,Ping hacia 8.8.8.8
OLT David Principal 1,"8.437150131481255, -82.42767725585664",2025-08-25T19:27:10.569905,8.8.8.8,Latencia,47.47796058654785,True,Ping hacia 8.8.8.8
OLT David Principal 1,"8.437150131481255, -82.42767725585664",2025-08-25T19:28:10.640101,8.8.8.8,Latencia,48.261165618896484,True,Ping hacia 8.8.8.8
OLT David Principal 1,"8.437150131481255, -82.42767725585664",2025-08-25T19:29:10.716113,8.8.8.8,Latencia,51.6202449798584,True,Ping hacia 8.8.8.8
OLT David Principal 1,"8.437150131481255, -82.42767725585664",2025-08-25T19:30:10.781136,8.8.8.8,Latencia,47.20044136047363,True,Ping hacia 8.8.8.8
OLT David Principal 1,"8.437150131481255, -82.42767725585664",2025-08-25T19:31:10.844559,8.8.8.8,Latencia,49.46327209472656,True,Ping hacia 8.8.8.8
OLT David Principal 1,"8.437150131481255, -82.42767725585664",2025-08-25T19:32:10.911368,8.8.8.8,Latencia,48.078298568725586,True,Ping hacia 8.8.8.8
OLT David Principal 1,"8.437150131481255, -82.42767725585664",2025-08-25T19:33:10.977254,8.8.8.8,Latencia,47.45149612426758,True,Ping hacia 8.8.8.8
OLT David Principal 1,"8.437150131481255, -82.42767725585664",2025-08-25T19:34:11.047101,8.8.8.8,Latencia,58.882713317871094,True,Ping hacia 8.8.8.8
OLT David Principal 1,"8.437150131481255, -82.42767725585664",2025-08-25T19:35:11.123193,8.8.8.8,Latencia,48.352718353271484,True,Ping hacia 8.8.8.8
OLT David Principal 1,"8.437150131481255, -82.42767725585664",2025-08-25T19:36:11.190585,8.8.8.8,Latencia,55.35411834716797,True,Ping hacia 8.8.8.8
OLT David Principal 1,"8.437150131481255, -82.42767725585664",2025-08-25T19:37:11.252755,8.8.8.8,Latencia,59.2038631439209,True,Ping hacia 8.8.8.8
OLT David Principal 1,"8.437150131481255, -82.42767725585664",2025-08-25T19:38:11.329038,8.8.8.8,Latencia,48.27165603637695,True,Ping hacia 8.8.8.8
OLT David Principal 1,"8.437150131481255, -82.42767725585664",2025-08-25T19:39:11.394730,8.8.8.8,Latencia,59.43012237548828,True,Ping hacia 8.8.8.8
OLT David Principal 1,"8.437150131481255, -82.42767725585664",2025-08-25T19:40:11.455887,8.8.8.8,Latencia,56.89740180969238,True,Ping hacia 8.8.8.8
OLT David Principal 1,"8.437150131481255, -82.42767725585664",2025-08-25T19:41:11.522966,8.8.8.8,Latencia,47.139883041381836,True,Ping hacia 8.8.8.8
OLT David Principal 1,"8.437150131481255, -82.42767725585664",2025-08-25T19:42:11.585881,8.8.8.8,Latencia,58.03704261779785,True,Ping hacia 8.8.8.8
OLT David Principal 1,"8.437150131481255, -82.42767725585664",2025-08-25T19:43:11.654333,8.8.8.8,Latencia,48.0344295501709,True,Ping hacia 8.8.8.8
OLT David Principal 1,"8.437150131481255, -82.42767725585664",2025-08-25T19:44:11.718954,8.8.8.8,Latencia,50.8418083190918,True,Ping hacia 8.8.8.8
OLT David Principal 1,"8.437150131481255, -82.42767725585664",2025-08-25T19:45:11.784673,8.8.8.8,Latencia,51.14173889160156,True,Ping hacia 8.8.8.8
OLT David Principal 1,"8.437150131481255, -82.42767725585664",2025-08-25T19:46:11.860461,8.8.8.8,Latencia,48.134565353393555,True,Ping hacia 8.8.8.8
OLT David Principal 1,"8.437150131481255, -82.42767725585664",2025-08-25T19:47:11.934098,8.8.8.8,Latencia,48.48170280456543,True,Ping hacia 8.8.8.8
OLT David Principal 1,"8.437150131481255, -82.42767725585664",2025-08-25T19:48:12.000803,8.8.8.8,Latencia,48.975467681884766,True,Ping hacia 8.8.8.8
OLT David Principal 1,"8.437150131481255, -82.42767725585664",2025-08-25T19:49:12.065694,8.8.8.8,Latencia,48.3400821685791,True,Ping hacia 8.8.8.8
OLT David Principal 1,"8.437150131481255, -82.42767725585664",2025-08-25T19:50:12.139197,8.8.8.8,Latencia,47.382354736328125,True,Ping hacia 8.8.8.8
OLT David Principal 1,"8.437150131481255, -82.42767725585664",2025-08-25T19:51:12.205732,8.8.8.8,Latencia,61.31625175476074,True,Ping hacia 8.8.8.8
OLT David Principal 1,"8.437150131481255, -82.42767725585664",2025-08-25T19:52:12.282684,8.8.8.8,Latencia,47.52373695373535,True,Ping hacia 8.8.8.8
OLT David Principal 1,"8.437150131481255, -82.42767725585664",2025-08-25T19:53:12.345053,8.8.8.8,Latencia,47.57833480834961,True,Ping hacia 8.8.8.8
OLT David Principal 1,"8.437150131481255, -82.42767725585664",2025-08-25T19:54:12.414726,8.8.8.8,Latencia,59.31973457336426,True,Ping hacia 8.8.8.8
OLT David Principal 1,"8.437150131481255, -82.42767725585664",2025-08-25T19:55:12.483228,8.8.8.8,Latencia,48.23660850524902,True,Ping hacia 8.8.8.8
OLT David Principal 1,"8.437150131481255, -82.42767725585664",2025-08-25T19:56:12.552280,8.8.8.8,Latencia,48.404693603515625,True,Ping hacia 8.8.8.8
OLT David Principal 1,"8.437150131481255, -82.42767725585664",2025-08-25T19:57:12.614661,8.8.8.8,Latencia,47.64294624328613,True,Ping hacia 8.8.8.8
OLT David Principal 1,"8.437150131481255, -82.42767725585664",2025-08-25T19:58:12.677799,8.8.8.8,Latencia,47.39522933959961,True,Ping hacia 8.8.8.8
OLT David Principal 1,"8.437150131481255, -82.42767725585664",2025-08-25T19:59:12.750224,8.8.8.8,Latencia,58.219194412231445,True,Ping hacia 8.8.8.8
OLT David Principal 1,"8.437150131481255, -82.42767725585664",2025-08-25T20:00:12.825311,8.8.8.8,Latencia,54.04257774353027,True,Ping hacia 8.8.8.8
OLT David Principal 1,"8.437150131481255, -82.42767725585664",2025-08-25T20:01:12.897808,8.8.8.8,Latencia,47.66035079956055,True,Ping hacia 8.8.8.8
OLT David Principal 1,"8.437150131481255, -82.42767725585664",2025-08-25T20:02:12.971761,8.8.8.8,Latencia,48.12335968017578,True,Ping hacia 8.8.8.8
OLT David Principal 1,"8.437150131481255, -82.42767725585664",2025-08-25T20:03:13.048245,8.8.8.8,Latencia,60.37640571594238,True,Ping hacia 8.8.8.8
OLT David Principal 1,"8.437150131481255, -82.42767725585664",2025-08-25T20:04:13.109332,8.8.8.8,Latencia,47.765254974365234,True,Ping hacia 8.8.8.8
OLT David Principal 1,"8.437150131481255, -82.42767725585664",2025-08-25T20:05:13.178325,8.8.8.8,Latencia,49.41582679748535,True,Ping hacia 8.8.8.8
OLT David Principal 1,"8.437150131481255, -82.42767725585664",2025-08-25T20:06:13.250915,8.8.8.8,Latencia,47.2414493560791,True,Ping hacia 8.8.8.8
OLT David Principal 1,"8.437150131481255, -82.42767725585664",2025-08-25T20:07:13.324463,8.8.8.8,Latencia,48.47264289855957,True,Ping hacia 8.8.8.8
OLT David Principal 1,"8.437150131481255, -82.42767725585664",2025-08-25T20:08:13.395380,8.8.8.8,Latencia,54.3208122253418,True,Ping hacia 8.8.8.8
OLT David Principal 1,"8.437150131481255, -82.42767725585664",2025-08-25T20:09:13.460379,8.8.8.8,Latencia,47.7294921875,True,Ping hacia 8.8.8.8
OLT David Principal 1,"8.437150131481255, -82.42767725585664",2025-08-25T20:10:13.528002,8.8.8.8,Latencia,53.23052406311035,True,Ping hacia 8.8.8.8
OLT David Principal 1,"8.437150131481255, -82.42767725585664",2025-08-25T20:11:13.603381,8.8.8.8,Latencia,47.70302772521973,True,Ping hacia 8.8.8.8
OLT David Principal 1,"8.437150131481255, -82.42767725585664",2025-08-25T20:12:13.665955,8.8.8.8,Latencia,47.377586364746094,True,Ping hacia 8.8.8.8
OLT David Principal 1,"8.437150131481255, -82.42767725585664",2025-08-25T20:13:13.739804,8.8.8.8,Latencia,47.721147537231445,True,Ping hacia 8.8.8.8
OLT David Principal 1,"8.437150131481255, -82.42767725585664",2025-08-25T20:14:13.807838,8.8.8.8,Latencia,60.20379066467285,True,Ping hacia 8.8.8.8
OLT David Principal 1,"8.437150131481255, -82.42767725585664",2025-08-25T20:15:13.878084,8.8.8.8,Latencia,47.80435562133789,True,Ping hacia 8.8.8.8
OLT David Principal 1,"8.437150131481255, -82.42767725585664",2025-08-25T20:16:13.946476,8.8.8.8,Latencia,47.98388481140137,True,Ping hacia 8.8.8.8
OLT David Principal 1,"8.437150131481255, -82.42767725585664",2025-08-25T20:17:14.016218,8.8.8.8,Latencia,47.65152931213379,True,Ping hacia 8.8.8.8
OLT David Principal 1,"8.437150131481255, -82.42767725585664",2025-08-25T20:18:14.077982,8.8.8.8,Latencia,47.7445125579834,True,Ping hacia 8.8.8.8
OLT David Principal 1,"8.437150131481255, -82.42767725585664",2025-08-25T20:19:14.143525,8.8.8.8,Latencia,48.77161979675293,True,Ping hacia 8.8.8.8
OLT David Principal 1,"8.437150131481255, -82.42767725585664",2025-08-25T20:20:14.216241,8.8.8.8,Latencia,95.99900245666504,True,Ping hacia 8.8.8.8
OLT David Principal 1,"8.437150131481255, -82.42767725585664",2025-08-25T20:21:14.329779,8.8.8.8,Latencia,47.637939453125,True,Ping hacia 8.8.8.8
OLT David Principal 1,"8.437150131481255, -82.42767725585664",2025-08-25T20:22:14.396765,8.8.8.8,Latencia,52.22582817077637,True,Ping hacia 8.8.8.8
OLT David Principal 1,"8.437150131481255, -82.42767725585664",2025-08-25T20:23:14.465384,8.8.8.8,Latencia,48.11525344848633,True,Ping hacia 8.8.8.8
OLT David Principal 1,"8.437150131481255, -82.42767725585664",2025-08-25T20:24:14.529006,8.8.8.8,Latencia,53.772926330566406,True,Ping hacia 8.8.8.8
OLT David Principal 1,"8.437150131481255, -82.42767725585664",2025-08-25T20:25:14.603182,8.8.8.8,Latencia,48.52008819580078,True,Ping hacia 8.8.8.8
OLT David Principal 1,"8.437150131481255, -82.42767725585664",2025-08-25T20:26:14.670717,8.8.8.8,Latencia,72.40724563598633,True,Ping hacia 8.8.8.8
OLT David Principal 1,"8.437150131481255, -82.42767725585664",2025-08-25T20:27:14.755103,8.8.8.8,Latencia,47.93286323547363,True,Ping hacia 8.8.8.8
OLT David Principal 1,"8.437150131481255, -82.42767725585664",2025-08-25T20:28:14.818038,8.8.8.8,Latencia,47.57523536682129,True,Ping hacia 8.8.8.8
OLT David Principal 1,"8.437150131481255, -82.42767725585664",2025-08-25T20:29:14.883442,8.8.8.8,Latencia,47.19710350036621,True,Ping hacia 8.8.8.8
OLT David Principal 1,"8.437150131481255, -82.42767725585664",2025-08-25T20:30:14.949003,8.8.8.8,Latencia,55.40275573730469,True,Ping hacia 8.8.8.8
OLT David Principal 1,"8.437150131481255, -82.42767725585664",2025-08-25T20:31:15.015938,8.8.8.8,Latencia,47.45984077453613,True,Ping hacia 8.8.8.8
OLT David Principal 1,"8.437150131481255, -82.42767725585664",2025-08-25T20:32:15.079914,8.8.8.8,Latencia,47.66583442687988,True,Ping hacia 8.8.8.8
OLT David Principal 1,"8.437150131481255, -82.42767725585664",2025-08-25T20:33:15.147062,8.8.8.8,Latencia,47.44267463684082,True,Ping hacia 8.8.8.8
OLT David Principal 1,"8.437150131481255, -82.42767725585664",2025-08-25T20:34:15.217695,8.8.8.8,Latencia,47.38020896911621,True,Ping hacia 8.8.8.8
OLT David Principal 1,"8.437150131481255, -82.42767725585664",2025-08-25T20:35:15.290066,8.8.8.8,Latencia,47.50227928161621,True,Ping hacia 8.8.8.8
OLT David Principal 1,"8.437150131481255, -82.42767725585664",2025-08-25T20:36:15.355116,8.8.8.8,Latencia,46.2489128112793,True,Ping hacia 8.8.8.8
OLT David Principal 1,"8.437150131481255, -82.42767725585664",2025-08-25T20:37:15.416557,8.8.8.8,Latencia,47.80125617980957,True,Ping hacia 8.8.8.8
OLT David Principal 1,"8.437150131481255, -82.42767725585664",2025-08-25T20:38:15.491766,8.8.8.8,Latencia,47.8055477142334,True,Ping hacia 8.8.8.8
OLT David Principal 1,"8.437150131481255, -82.42767725585664",2025-08-25T20:39:15.556960,8.8.8.8,Latencia,55.06277084350586,True,Ping hacia 8.8.8.8
OLT David Principal 1,"8.437150131481255, -82.42767725585664",2025-08-25T20:40:15.632638,8.8.8.8,Latencia,52.60777473449707,True,Ping hacia 8.8.8.8
OLT David Principal 1,"8.437150131481255, -82.42767725585664",2025-08-25T20:41:15.693335,8.8.8.8,Latencia,51.39923095703125,True,Ping hacia 8.8.8.8
OLT David Principal 1,"8.437150131481255, -82.42767725585664",2025-08-25T20:42:15.761085,8.8.8.8,Latencia,54.056644439697266,True,Ping hacia 8.8.8.8
OLT David Principal 1,"8.437150131481255, -82.42767725585664",2025-08-25T20:43:15.837149,8.8.8.8,Latencia,58.17246437072754,True,Ping hacia 8.8.8.8
OLT David Principal 1,"8.437150131481255, -82.42767725585664",2025-08-25T20:44:15.911893,8.8.8.8,Latencia,47.29127883911133,True,Ping hacia 8.8.8.8
OLT David Principal 1,"8.437150131481255, -82.42767725585664",2025-08-25T20:45:15.979170,8.8.8.8,Latencia,60.303688049316406,True,Ping hacia 8.8.8.8
OLT David Principal 1,"8.437150131481255, -82.42767725585664",2025-08-25T20:46:16.050048,8.8.8.8,Latencia,60.01162528991699,True,Ping hacia 8.8.8.8
OLT David Principal 1,"8.437150131481255, -82.42767725585664",2025-08-25T20:47:16.115166,8.8.8.8,Latencia,48.13718795776367,True,Ping hacia 8.8.8.8
OLT David Principal 1,"8.437150131481255, -82.42767725585664",2025-08-25T20:48:16.179702,8.8.8.8,Latencia,57.17778205871582,True,Ping hacia 8.8.8.8
OLT David Principal 1,"8.437150131481255, -82.42767725585664",2025-08-25T20:49:16.252156,8.8.8.8,Latencia,49.9727725982666,True,Ping hacia 8.8.8.8
OLT David Principal 1,"8.437150131481255, -82.42767725585664",2025-08-25T20:50:16.324319,8.8.8.8,Latencia,51.13053321838379,True,Ping hacia 8.8.8.8
OLT David Principal 1,"8.437150131481255, -82.42767725585664",2025-08-25T20:51:16.394559,8.8.8.8,Latencia,59.51213836669922,True,Ping hacia 8.8.8.8
OLT David Principal 1,"8.437150131481255, -82.42767725585664",2025-08-25T20:52:16.460119,8.8.8.8,Latencia,52.59108543395996,True,Ping hacia 8.8.8.8
OLT David Principal 1,"8.437150131481255, -82.42767725585664",2025-08-25T20:53:16.526197,8.8.8.8,Latencia,47.86491394042969,True,Ping hacia 8.8.8.8
OLT David Principal 1,"8.437150131481255, -82.42767725585664",2025-08-25T20:54:16.597497,8.8.8.8,Latencia,47.69396781921387,True,Ping hacia 8.8.8.8
OLT David Principal 1,"8.437150131481255, -82.42767725585664",2025-08-25T20:55:16.660541,8.8.8.8,Latencia,47.73664474487305,True,Ping hacia 8.8.8.8
OLT David Principal 1,"8.437150131481255, -82.42767725585664",2025-08-25T20:56:16.729362,8.8.8.8,Latencia,79.51855659484863,True,Ping hacia 8.8.8.8
OLT David Principal 1,"8.437150131481255, -82.42767725585664",2025-08-25T20:57:16.818717,8.8.8.8,Latencia,59.39435958862305,True,Ping hacia 8.8.8.8
OLT David Principal 1,"8.437150131481255, -82.42767725585664",2025-08-25T20:58:16.883389,8.8.8.8,Latencia,47.71733283996582,True,Ping hacia 8.8.8.8
OLT David Principal 1,"8.437150131481255, -82.42767725585664",2025-08-25T20:59:16.951226,8.8.8.8,Latencia,47.54376411437988,True,Ping hacia 8.8.8.8
OLT David Principal 1,"8.437150131481255, -82.42767725585664",2025-08-25T21:00:17.020049,8.8.8.8,Latencia,46.888113021850586,True,Ping hacia 8.8.8.8
OLT David Principal 1,"8.437150131481255, -82.42767725585664",2025-08-25T21:01:17.095016,8.8.8.8,Latencia,47.271728515625,True,Ping hacia 8.8.8.8
OLT David Principal 1,"8.437150131481255, -82.42767725585664",2025-08-25T21:02:17.167500,8.8.8.8,Latencia,48.20561408996582,True,Ping hacia 8.8.8.8
OLT David Principal 1,"8.437150131481255, -82.42767725585664",2025-08-25T21:03:17.232255,8.8.8.8,Latencia,48.454999923706055,True,Ping hacia 8.8.8.8
OLT David Principal 1,"8.437150131481255, -82.42767725585664",2025-08-25T21:04:17.307301,8.8.8.8,Latencia,48.01464080810547,True,Ping hacia 8.8.8.8
OLT David Principal 1,"8.437150131481255, -82.42767725585664",2025-08-25T21:05:17.375258,8.8.8.8,Latencia,54.81982231140137,True,Ping hacia 8.8.8.8
OLT David Principal 1,"8.437150131481255, -82.42767725585664",2025-08-25T21:06:17.436871,8.8.8.8,Latencia,59.30137634277344,True,Ping hacia 8.8.8.8
OLT David Principal 1,"8.437150131481255, -82.42767725585664",2025-08-25T21:07:17.501275,8.8.8.8,Latencia,49.64184761047363,True,Ping hacia 8.8.8.8
OLT David Principal 1,"8.437150131481255, -82.42767725585664",2025-08-25T21:08:17.561961,8.8.8.8,Latencia,47.6527214050293,True,Ping hacia 8.8.8.8
OLT David Principal 1,"8.437150131481255, -82.42767725585664",2025-08-25T21:09:17.632039,8.8.8.8,Latencia,47.80769348144531,True,Ping hacia 8.8.8.8
OLT David Principal 1,"8.437150131481255, -82.42767725585664",2025-08-25T21:10:17.697600,8.8.8.8,Latencia,47.97506332397461,True,Ping hacia 8.8.8.8
OLT David Principal 1,"8.437150131481255, -82.42767725585664",2025-08-25T21:11:17.772822,8.8.8.8,Latencia,47.728538513183594,True,Ping hacia 8.8.8.8
OLT David Principal 1,"8.437150131481255, -82.42767725585664",2025-08-25T21:12:17.848777,8.8.8.8,Latencia,50.01950263977051,True,Ping hacia 8.8.8.8
OLT David Principal 1,"8.437150131481255, -82.42767725585664",2025-08-25T21:13:17.920740,8.8.8.8,Latencia,56.31279945373535,True,Ping hacia 8.8.8.8
OLT David Principal 1,"8.437150131481255, -82.42767725585664",2025-08-25T21:14:17.994380,8.8.8.8,Latencia,57.49654769897461,True,Ping hacia 8.8.8.8
OLT David Principal 1,"8.437150131481255, -82.42767725585664",2025-08-25T21:15:18.068493,8.8.8.8,Latencia,48.24542999267578,True,Ping hacia 8.8.8.8
OLT David Principal 1,"8.437150131481255, -82.42767725585664",2025-08-25T21:16:18.133738,8.8.8.8,Latencia,51.49531364440918,True,Ping hacia 8.8.8.8
OLT David Principal 1,"8.437150131481255, -82.42767725585664",2025-08-25T21:17:18.208294,8.8.8.8,Latencia,60.78171730041504,True,Ping hacia 8.8.8.8
OLT David Principal 1,"8.437150131481255, -82.42767725585664",2025-08-25T21:18:18.271254,8.8.8.8,Latencia,48.05302619934082,True,Ping hacia 8.8.8.8
OLT David Principal 1,"8.437150131481255, -82.42767725585664",2025-08-25T21:19:18.332256,8.8.8.8,Latencia,56.473731994628906,True,Ping hacia 8.8.8.8
OLT David Principal 1,"8.437150131481255, -82.42767725585664",2025-08-25T21:20:18.408258,8.8.8.8,Latencia,49.41201210021973,True,Ping hacia 8.8.8.8
OLT David Principal 1,"8.437150131481255, -82.42767725585664",2025-08-25T21:21:18.473812,8.8.8.8,Latencia,55.43971061706543,True,Ping hacia 8.8.8.8
OLT David Principal 1,"8.437150131481255, -82.42767725585664",2025-08-25T21:22:18.543866,8.8.8.8,Latencia,47.705650329589844,True,Ping hacia 8.8.8.8
OLT David Principal 1,"8.437150131481255, -82.42767725585664",2025-08-25T21:23:18.613224,8.8.8.8,Latencia,59.995174407958984,True,Ping hacia 8.8.8.8
OLT David Principal 1,"8.437150131481255, -82.42767725585664",2025-08-25T21:24:18.684572,8.8.8.8,Latencia,60.64653396606445,True,Ping hacia 8.8.8.8
OLT David Principal 1,"8.437150131481255, -82.42767725585664",2025-08-25T21:25:18.750063,8.8.8.8,Latencia,47.23191261291504,True,Ping hacia 8.8.8.8
OLT David Principal 1,"8.437150131481255, -82.42767725585664",2025-08-25T21:26:18.810432,8.8.8.8,Latencia,54.15821075439453,True,Ping hacia 8.8.8.8
OLT David Principal 1,"8.437150131481255, -82.42767725585664",2025-08-25T21:27:18.876659,8.8.8.8,Latencia,47.38640785217285,True,Ping hacia 8.8.8.8
OLT David Principal 1,"8.437150131481255, -82.42767725585664",2025-08-25T21:28:18.939953,8.8.8.8,Latencia,53.709983825683594,True,Ping hacia 8.8.8.8
OLT David Principal 1,"8.437150131481255, -82.42767725585664",2025-08-25T21:29:19.012213,8.8.8.8,Latencia,47.65629768371582,True,Ping hacia 8.8.8.8
OLT David Principal 1,"8.437150131481255, -82.42767725585664",2025-08-25T21:30:19.083810,8.8.8.8,Latencia,50.01521110534668,True,Ping hacia 8.8.8.8
OLT David Principal 1,"8.437150131481255, -82.42767725585664",2025-08-25T21:31:19.154239,8.8.8.8,Latencia,54.286956787109375,True,Ping hacia 8.8.8.8
OLT David Principal 1,"8.437150131481255, -82.42767725585664",2025-08-25T21:32:19.222661,8.8.8.8,Latencia,52.33407020568848,True,Ping hacia 8.8.8.8
OLT David Principal 1,"8.437150131481255, -82.42767725585664",2025-08-25T21:33:19.287653,8.8.8.8,Latencia,57.20853805541992,True,Ping hacia 8.8.8.8
OLT David Principal 1,"8.437150131481255, -82.42767725585664",2025-08-25T21:34:19.361721,8.8.8.8,Latencia,47.23978042602539,True,Ping hacia 8.8.8.8
OLT David Principal 1,"8.437150131481255, -82.42767725585664",2025-08-25T21:35:19.436783,8.8.8.8,Latencia,47.61528968811035,True,Ping hacia 8.8.8.8
OLT David Principal 1,"8.437150131481255, -82.42767725585664",2025-08-25T21:36:19.507855,8.8.8.8,Latencia,47.78289794921875,True,Ping hacia 8.8.8.8
OLT David Principal 1,"8.437150131481255, -82.42767725585664",2025-08-25T21:37:19.569317,8.8.8.8,Latencia,57.81888961791992,True,Ping hacia 8.8.8.8
OLT David Principal 1,"8.437150131481255, -82.42767725585664",2025-08-25T21:38:19.640258,8.8.8.8,Latencia,57.98983573913574,True,Ping hacia 8.8.8.8
OLT David Principal 1,"8.437150131481255, -82.42767725585664",2025-08-25T21:39:19.708711,8.8.8.8,Latencia,47.72162437438965,True,Ping hacia 8.8.8.8
OLT David Principal 1,"8.437150131481255, -82.42767725585664",2025-08-25T21:40:19.778847,8.8.8.8,Latencia,58.12978744506836,True,Ping hacia 8.8.8.8
OLT David Principal 1,"8.437150131481255, -82.42767725585664",2025-08-25T21:41:19.852013,8.8.8.8,Latencia,51.49674415588379,True,Ping hacia 8.8.8.8
OLT David Principal 1,"8.437150131481255, -82.42767725585664",2025-08-25T21:42:19.920798,8.8.8.8,Latencia,52.11067199707031,True,Ping hacia 8.8.8.8
OLT David Principal 1,"8.437150131481255, -82.42767725585664",2025-08-25T21:43:19.992671,8.8.8.8,Latencia,49.4074821472168,True,Ping hacia 8.8.8.8
OLT David Principal 1,"8.437150131481255, -82.42767725585664",2025-08-25T21:44:20.067102,8.8.8.8,Latencia,47.446250915527344,True,Ping hacia 8.8.8.8
OLT David Principal 1,"8.437150131481255, -82.42767725585664",2025-08-25T21:45:20.136343,8.8.8.8,Latencia,54.11648750305176,True,Ping hacia 8.8.8.8
OLT David Principal 1,"8.437150131481255, -82.42767725585664",2025-08-25T21:46:20.211200,8.8.8.8,Latencia,54.146528244018555,True,Ping hacia 8.8.8.8
OLT David Principal 1,"8.437150131481255, -82.42767725585664",2025-08-25T21:47:20.286286,8.8.8.8,Latencia,48.16007614135742,True,Ping hacia 8.8.8.8
OLT David Principal 1,"8.437150131481255, -82.42767725585664",2025-08-25T21:48:20.355291,8.8.8.8,Latencia,48.00844192504883,True,Ping hacia 8.8.8.8
OLT David Principal 1,"8.437150131481255, -82.42767725585664",2025-08-25T21:49:20.430368,8.8.8.8,Latencia,60.57405471801758,True,Ping hacia 8.8.8.8
OLT David Principal 1,"8.437150131481255, -82.42767725585664",2025-08-25T21:50:20.502395,8.8.8.8,Latencia,51.28812789916992,True,Ping hacia 8.8.8.8
OLT David Principal 1,"8.437150131481255, -82.42767725585664",2025-08-25T21:51:20.569473,8.8.8.8,Latencia,60.69135665893555,True,Ping hacia 8.8.8.8
OLT David Principal 1,"8.437150131481255, -82.42767725585664",2025-08-25T21:52:20.633339,8.8.8.8,Latencia,47.92213439941406,True,Ping hacia 8.8.8.8
OLT David Principal 1,"8.437150131481255, -82.42767725585664",2025-08-25T21:53:20.696147,8.8.8.8,Latencia,47.29509353637695,True,Ping hacia 8.8.8.8
OLT David Principal 1,"8.437150131481255, -82.42767725585664",2025-08-25T21:54:20.766953,8.8.8.8,Latencia,48.64788055419922,True,Ping hacia 8.8.8.8
OLT David Principal 1,"8.437150131481255, -82.42767725585664",2025-08-25T21:55:20.828207,8.8.8.8,Latencia,48.67672920227051,True,Ping hacia 8.8.8.8
OLT David Principal 1,"8.437150131481255, -82.42767725585664",2025-08-25T21:56:20.898886,8.8.8.8,Latencia,49.448251724243164,True,Ping hacia 8.8.8.8
OLT David Principal 1,"8.437150131481255, -82.42767725585664",2025-08-25T21:57:20.962667,8.8.8.8,Latencia,50.53567886352539,True,Ping hacia 8.8.8.8
OLT David Principal 1,"8.437150131481255, -82.42767725585664",2025-08-25T21:58:21.026492,8.8.8.8,Latencia,47.469139099121094,True,Ping hacia 8.8.8.8
OLT David Principal 1,"8.437150131481255, -82.42767725585664",2025-08-25T21:59:21.093174,8.8.8.8,Latencia,47.6994514465332,True,Ping hacia 8.8.8.8
OLT David Principal 1,"8.437150131481255, -82.42767725585664",2025-08-25T22:00:21.164964,8.8.8.8,Latencia,59.20863151550293,True,Ping hacia 8.8.8.8
OLT David Principal 1,"8.437150131481255, -82.42767725585664",2025-08-25T22:01:21.231915,8.8.8.8,Latencia,53.694725036621094,True,Ping hacia 8.8.8.8
OLT David Principal 1,"8.437150131481255, -82.42767725585664",2025-08-25T22:02:21.305575,8.8.8.8,Latencia,57.11078643798828,True,Ping hacia 8.8.8.8
OLT David Principal 1,"8.437150131481255, -82.42767725585664",2025-08-25T22:03:21.371786,8.8.8.8,Latencia,47.350168228149414,True,Ping hacia 8.8.8.8
OLT David Principal 1,"8.437150131481255, -82.42767725585664",2025-08-25T22:04:21.445179,8.8.8.8,Latencia,58.115243911743164,True,Ping hacia 8.8.8.8
OLT David Principal 1,"8.437150131481255, -82.42767725585664",2025-08-25T22:05:21.507853,8.8.8.8,Latencia,48.9654541015625,True,Ping hacia 8.8.8.8
OLT David Principal 1,"8.437150131481255, -82.42767725585664",2025-08-25T22:06:21.579927,8.8.8.8,Latencia,56.198835372924805,True,Ping hacia 8.8.8.8
OLT David Principal 1,"8.437150131481255, -82.42767725585664",2025-08-25T22:07:21.644853,8.8.8.8,Latencia,86.13419532775879,True,Ping hacia 8.8.8.8
OLT David Principal 1,"8.437150131481255, -82.42767725585664",2025-08-25T22:08:21.742147,8.8.8.8,Latencia,47.96028137207031,True,Ping hacia 8.8.8.8
OLT David Principal 1,"8.437150131481255, -82.42767725585664",2025-08-25T22:09:21.807485,8.8.8.8,Latencia,60.00471115112305,True,Ping hacia 8.8.8.8
OLT David Principal 1,"8.437150131481255, -82.42767725585664",2025-08-25T22:10:21.873235,8.8.8.8,Latencia,58.156490325927734,True,Ping hacia 8.8.8.8
OLT David Principal 1,"8.437150131481255, -82.42767725585664",2025-08-25T22:11:21.939606,8.8.8.8,Latencia,52.504539489746094,True,Ping hacia 8.8.8.8
OLT David Principal 1,"8.437150131481255, -82.42767725585664",2025-08-25T22:12:22.015050,8.8.8.8,Latencia,57.3732852935791,True,Ping hacia 8.8.8.8
OLT David Principal 1,"8.437150131481255, -82.42767725585664",2025-08-25T22:13:22.077723,8.8.8.8,Latencia,58.33792686462402,True,Ping hacia 8.8.8.8
OLT David Principal 1,"8.437150131481255, -82.42767725585664",2025-08-25T22:14:22.145512,8.8.8.8,Latencia,47.87492752075195,True,Ping hacia 8.8.8.8
OLT David Principal 1,"8.437150131481255, -82.42767725585664",2025-08-25T22:15:22.211162,8.8.8.8,Latencia,56.61487579345703,True,Ping hacia 8.8.8.8
OLT David Principal 1,"8.437150131481255, -82.42767725585664",2025-08-25T22:16:22.277492,8.8.8.8,Latencia,47.702789306640625,True,Ping hacia 8.8.8.8
OLT David Principal 1,"8.437150131481255, -82.42767725585664",2025-08-25T22:17:22.345686,8.8.8.8,Latencia,58.037519454956055,True,Ping hacia 8.8.8.8
OLT David Principal 1,"8.437150131481255, -82.42767725585664",2025-08-25T22:18:22.406006,8.8.8.8,Latencia,47.88517951965332,True,Ping hacia 8.8.8.8
OLT David Principal 1,"8.437150131481255, -82.42767725585664",2025-08-25T22:19:22.482762,8.8.8.8,Latencia,48.099517822265625,True,Ping hacia 8.8.8.8
OLT David Principal 1,"8.437150131481255, -82.42767725585664",2025-08-25T22:20:22.548488,8.8.8.8,Latencia,48.584699630737305,True,Ping hacia 8.8.8.8
OLT David Principal 1,"8.437150131481255, -82.42767725585664",2025-08-25T22:21:22.616648,8.8.8.8,Latencia,48.61259460449219,True,Ping hacia 8.8.8.8
OLT David Principal 1,"8.437150131481255, -82.42767725585664",2025-08-25T22:22:22.681467,8.8.8.8,Latencia,57.52968788146973,True,Ping hacia 8.8.8.8
OLT David Principal 1,"8.437150131481255, -82.42767725585664",2025-08-25T22:23:22.744778,8.8.8.8,Latencia,59.535980224609375,True,Ping hacia 8.8.8.8
OLT David Principal 1,"8.437150131481255, -82.42767725585664",2025-08-25T22:24:22.819741,8.8.8.8,Latencia,47.7602481842041,True,Ping hacia 8.8.8.8
OLT David Principal 1,"8.437150131481255, -82.42767725585664",2025-08-25T22:25:22.892853,8.8.8.8,Latencia,59.93914604187012,True,Ping hacia 8.8.8.8
OLT David Principal 1,"8.437150131481255, -82.42767725585664",2025-08-25T22:26:22.954172,8.8.8.8,Latencia,59.28683280944824,True,Ping hacia 8.8.8.8
OLT David Principal 1,"8.437150131481255, -82.42767725585664",2025-08-25T22:27:23.024538,8.8.8.8,Latencia,52.45399475097656,True,Ping hacia 8.8.8.8
OLT David Principal 1,"8.437150131481255, -82.42767725585664",2025-08-25T22:28:23.094217,8.8.8.8,Latencia,58.57086181640625,True,Ping hacia 8.8.8.8
OLT David Principal 1,"8.437150131481255, -82.42767725585664",2025-08-25T22:29:23.156584,8.8.8.8,Latencia,47.87325859069824,True,Ping hacia 8.8.8.8
OLT David Principal 1,"8.437150131481255, -82.42767725585664",2025-08-25T22:30:23.226423,8.8.8.8,Latencia,52.3066520690918,True,Ping hacia 8.8.8.8
OLT David Principal 1,"8.437150131481255, -82.42767725585664",2025-08-25T22:31:23.302671,8.8.8.8,Latencia,47.66654968261719,True,Ping hacia 8.8.8.8
OLT David Principal 1,"8.437150131481255, -82.42767725585664",2025-08-25T22:32:23.365028,8.8.8.8,Latencia,47.35517501831055,True,Ping hacia 8.8.8.8
OLT David Principal 1,"8.437150131481255, -82.42767725585664",2025-08-25T22:33:23.439650,8.8.8.8,Latencia,47.41382598876953,True,Ping hacia 8.8.8.8
OLT David Principal 1,"8.437150131481255, -82.42767725585664",2025-08-25T22:34:23.511539,8.8.8.8,Latencia,54.09812927246094,True,Ping hacia 8.8.8.8
OLT David Principal 1,"8.437150131481255, -82.42767725585664",2025-08-25T22:35:23.577606,8.8.8.8,Latencia,52.048683166503906,True,Ping hacia 8.8.8.8
OLT David Principal 1,"8.437150131481255, -82.42767725585664",2025-08-25T22:36:23.645736,8.8.8.8,Latencia,54.17919158935547,True,Ping hacia 8.8.8.8
OLT David Principal 1,"8.437150131481255, -82.42767725585664",2025-08-25T22:37:23.715766,8.8.8.8,Latencia,60.80794334411621,True,Ping hacia 8.8.8.8
OLT David Principal 1,"8.437150131481255, -82.42767725585664",2025-08-25T22:38:23.789442,8.8.8.8,Latencia,52.11949348449707,True,Ping hacia 8.8.8.8
OLT David Principal 1,"8.437150131481255, -82.42767725585664",2025-08-25T22:39:23.856681,8.8.8.8,Latencia,48.55775833129883,True,Ping hacia 8.8.8.8
OLT David Principal 1,"8.437150131481255, -82.42767725585664",2025-08-25T22:40:23.924777,8.8.8.8,Latencia,56.87236785888672,True,Ping hacia 8.8.8.8
OLT David Principal 1,"8.437150131481255, -82.42767725585664",2025-08-25T22:41:23.990372,8.8.8.8,Latencia,50.86326599121094,True,Ping hacia 8.8.8.8
OLT David Principal 1,"8.437150131481255, -82.42767725585664",2025-08-25T22:42:24.059285,8.8.8.8,Latencia,63.00044059753418,True,Ping hacia 8.8.8.8
OLT David Principal 1,"8.437150131481255, -82.42767725585664",2025-08-25T22:43:24.125893,8.8.8.8,Latencia,48.348188400268555,True,Ping hacia 8.8.8.8
OLT David Principal 1,"8.437150131481255, -82.42767725585664",2025-08-25T22:44:24.191804,8.8.8.8,Latencia,51.25761032104492,True,Ping hacia 8.8.8.8
OLT David Principal 1,"8.437150131481255, -82.42767725585664",2025-08-25T22:45:24.257531,8.8.8.8,Latencia,53.40385437011719,True,Ping hacia 8.8.8.8
OLT David Principal 1,"8.437150131481255, -82.42767725585664",2025-08-25T22:46:24.319798,8.8.8.8,Latencia,51.271677017211914,True,Ping hacia 8.8.8.8
OLT David Principal 1,"8.437150131481255, -82.42767725585664",2025-08-25T22:47:24.388742,8.8.8.8,Latencia,50.94647407531738,True,Ping hacia 8.8.8.8
OLT David Principal 1,"8.437150131481255, -82.42767725585664",2025-08-25T22:48:24.452273,8.8.8.8,Latencia,59.55243110656738,True,Ping hacia 8.8.8.8
OLT David Principal 1,"8.437150131481255, -82.42767725585664",2025-08-25T22:49:24.522735,8.8.8.8,Latencia,47.66106605529785,True,Ping hacia 8.8.8.8
OLT David Principal 1,"8.437150131481255, -82.42767725585664",2025-08-25T22:50:24.590940,8.8.8.8,Latencia,55.42874336242676,True,Ping hacia 8.8.8.8
OLT David Principal 1,"8.437150131481255, -82.42767725585664",2025-08-25T22:51:24.658718,8.8.8.8,Latencia,52.3838996887207,True,Ping hacia 8.8.8.8
OLT David Principal 1,"8.437150131481255, -82.42767725585664",2025-08-25T22:52:24.723608,8.8.8.8,Latencia,53.00188064575195,True,Ping hacia 8.8.8.8
OLT David Principal 1,"8.437150131481255, -82.42767725585664",2025-08-25T22:53:24.800154,8.8.8.8,Latencia,50.48871040344238,True,Ping hacia 8.8.8.8
OLT David Principal 1,"8.437150131481255, -82.42767725585664",2025-08-25T22:54:24.873706,8.8.8.8,Latencia,96.09818458557129,True,Ping hacia 8.8.8.8
OLT David Principal 1,"8.437150131481255, -82.42767725585664",2025-08-25T22:55:24.971843,8.8.8.8,Latencia,58.759212493896484,True,Ping hacia 8.8.8.8
OLT David Principal 1,"8.437150131481255, -82.42767725585664",2025-08-25T22:56:25.041025,8.8.8.8,Latencia,57.276010513305664,True,Ping hacia 8.8.8.8
OLT David Principal 1,"8.437150131481255, -82.42767725585664",2025-08-25T22:57:25.106150,8.8.8.8,Latencia,54.37469482421875,True,Ping hacia 8.8.8.8
OLT David Principal 1,"8.437150131481255, -82.42767725585664",2025-08-25T22:58:25.176335,8.8.8.8,Latencia,59.4019889831543,True,Ping hacia 8.8.8.8
OLT David Principal 1,"8.437150131481255, -82.42767725585664",2025-08-25T22:59:25.248506,8.8.8.8,Latencia,49.19552803039551,True,Ping hacia 8.8.8.8
OLT David Principal 1,"8.437150131481255, -82.42767725585664",2025-08-25T23:00:25.310641,8.8.8.8,Latencia,79.86021041870117,True,Ping hacia 8.8.8.8
OLT David Principal 1,"8.437150131481255, -82.42767725585664",2025-08-25T23:01:25.407663,8.8.8.8,Latencia,58.442115783691406,True,Ping hacia 8.8.8.8
